,Status,N,Population,Percentage
0,Diagnosed Diabetes,392,13602420,0.043183842800274666
1,Diagnosed Prediabetes,296,13297305,0.04221518882576089
2,Healthy,2080,90092253,0.2860174653535603
3,Undiagnosed Diabetes,89,2999825,0.009523597361964562
4,Undiagnosed Prediabetes,639,22426821,0.07119882436903871
